Title,Topic,Product
How to Create Your First Terrarium,DIY Projects,Complete Terrarium Kit
The Ultimate Guide to Terrarium Care,Care Guides,Terrarium Care Book
Top 10 Plants for Closed Terrariums,Plant Recommendations,Succulent Plant Set
Common Mistakes to Avoid When Making a Terrarium,Educational Content,Terrarium Tool Set
Seasonal Terrarium Ideas: Spring Edition,Seasonal Content,Terrarium Decor Kit
How to Choose the Right Container for Your Terrarium,Tips and Tricks,Glass Terrarium Container
Creating a Miniature Garden: Terrarium Inspiration,DIY Projects,Terrarium Starter Kit
The Science Behind Terrariums,Educational Content,Terrarium Ecosystem Guide
Best Soil Types for Terrariums,Care Guides,Terrarium Soil Mix
How to Maintain Humidity in Your Terrarium,Care Guides,Hygrometer for Plants
DIY Fairy Garden Terrarium,DIY Projects,Fairy Garden Accessories
Essential Tools for Building a Terrarium,Product Reviews,Terrarium Tools Set
Top Plants for Open Terrariums,Plant Recommendations,Aloe Vera Plant
Understanding the Ecosystem of a Terrarium,Educational Content,Terrarium Ecosystem Book
How to Create a Themed Terrarium,DIY Projects,Terrarium Decoration Kit
Troubleshooting Common Terrarium Problems,Care Guides,Terrarium Maintenance Guide
How to Decorate Your Terrarium,Tips and Tricks,Terrarium Decorative Elements
Best Lighting Options for Your Indoor Garden,Care Guides,Grow Light for Plants
How to Recycle Glass Containers into Terrariums,DIY Projects,Recycled Glass Containers
Creating a Succulent Terrarium,DIY Projects,Succulent Plant Kit
The Benefits of Having a Terrarium at Home,Educational Content,Terrarium Benefits Book
How to Propagate Plants in Your Terrarium,Plant Recommendations,Propagation Station Kit
A Beginner's Guide to Closed Terrariums,Care Guides,Closed Glass Terrarium Container
How to Use Decorative Elements in Your Terrarium Design,Tips and Tricks,Terrarium Accessories Set
Planning Your First Workshop: Terrarium Making,Community Engagement,Terrarium Workshop Supplies
The History of Terrariums,Educational Content,Terrarium History Book
How to Choose the Right Plants for Your Space,Plant Recommendations,Terracotta Pots Set
Creative Ways to Display Your Terrarium,Tips and Tricks,Terrarium Display Stands
How to Create a Zen Garden in a Jar,DIY Projects,Zentangle Garden Kit
The Best Air Plants for Your Home,Plant Recommendations,Air Plant Variety Pack
Maintaining Your Terrarium During Winter,Seasonal Content,Winter Care Guide for Plants
Top 5 Mistakes New Terrarium Owners Make,Educational Content,Terrarium Care Booklet
How to Build a Self-Watering Terrarium,DIY Projects,Self-Watering Planter Kit
Essential Nutrients for Healthy Plants,Care Guides,Nutrient-Rich Fertilizer Mix
Designing a Desktop Terrarium,DIY Projects,Mini Desktop Terrarium Kit
The Role of Light in Plant Growth,Educational Content,Grow Light Bulbs 
Tips for Choosing the Right Fertilizer,Care Guides,Fertilizer Spikes for Indoor Plants 
Creating an Indoor Herb Garden in a Jar,DIY Projects,Herb Planting Kit 
How to Clean and Maintain Your Glass Containers,Care Guides,Cleaning Brush Set 
Using Natural Elements in Your Terrarium Design,Tips and Tricks,Natural Decorative Stones 
The Best Tools for Pruning and Maintenance ,Product Reviews,Gardening Pruning Shears 
How to Create a Butterfly Garden in a Jar ,DIY Projects ,Butterfly Figurines Set 
Understanding Plant Compatibility ,Educational Content ,Plant Compatibility Chart 
How to Make a Holiday-Themed Terrarium ,Seasonal Content ,Holiday Decoration Kit 
The Benefits of Indoor Gardening ,Educational Content ,Indoor Gardening Guide 
Top 10 Must-Have Accessories for Your Terrarium ,Product Reviews ,Terrarium Accessory Bundle 
How to Create an Eco-Friendly Terrarium ,Tips and Tricks ,Eco-Friendly Plant Care Products 
Best Practices for Watering Your Plants ,Care Guides ,Watering Can with Measurement 
Unique Container Ideas for Your Next Project ,DIY Projects ,Unique Glass Containers Set 
Understanding Light Requirements for Different Plants ,Educational Content ,Light Meter for Plants 
How to Create a Pet-Friendly Terrarium ,Tips and Tricks ,Pet-Safe Plant Varieties 
Best Practices for Shipping Live Plants ,Product Reviews ,Shipping Supplies for Plants 
Creating a Moss Ball Terrarium ,DIY Projects ,Moss Ball Kit 
Terrariums as Gifts: Ideas and Inspiration ,Seasonal Content ,Gift-Worthy Plant Kits 
Exploring Different Types of Glass Containers for Your Plants ,Product Reviews ,Assorted Glass Containers 
Terrariums: A Beginner's Journey from Start to Finish ,Educational Content ,Beginner's Guidebook 
